<?xml version="1.0" encoding="UTF-8" standalone="yes"?>
<addon id="plugin.video.deadpool"
       name="deadpool"
       version="0.11.0"
       provider-name="deadpool, slipderfwark">
  <requires>
    <import addon="xbmc.python" version="2.1.0"/>
    <import addon="script.module.beautifulsoup" version="3.2.1"/>
    <import addon="script.module.simple.downloader" version="0.9.4"/>
    <import addon="script.module.beautifulsoup4" />
    <import addon="script.module.simple.downloader" version="0.9.4"/>
    <import addon="script.module.requests" />
    <import addon="script.module.httplib2" />
    <import addon="script.module.youtube.dl" optional="true"/>
    <import addon="plugin.video.youtube" />
    <import addon="script.module.urlresolver" optional="true"/>
    <import addon="script.module.simplejson" />    
  </requires>
  <extension point="xbmc.python.pluginsource" library="default.py">
    <provides>video</provides>
  </extension>
  <extension point="xbmc.addon.metadata">
    <summary>Gracias a todos los que me han enseñado</summary>
    <description>
      Gracias Ingeniero Palacios por su apoyo y sus regaños
	  Movies Ultimate Por Dejarme Usar Sus Series Y Peliculas
	  T-Killa Por Dejarme Expander Mi Mente y Aprender Mas Cosas
	  Vortech Por Su Apoyo en los momentos de oscuridad
	  Y Si Se Nos Olvida Alguno No Se Sientan, Estaran En Los Creditos De la Proxima Version
    </description>
    <platform>all</platform>
  </extension>
</addon>
